SMILES,QED,Score
N#Cc1ccc(S(=O)(=O)NCc2cc(F)ccc2O)cc1,0.9021268,0.9021268
Cc1cncc(NS(=O)(=O)Nc2cncc(C)c2)c1,0.8937509,0.8937509
O=S(=O)(Cc1ccco1)Nc1ccc(Br)cc1,0.9431643,0.9431643
O=C(COc1ccccc1)NC(=O)c1ccccc1F,0.928363,0.928363
O=S(=O)(NCc1ccccn1)c1ccc(F)cc1,0.9159245,0.9159245
Cc1ccccc1S(=O)(=O)Nc1ccccc1C#N,0.9334094,0.9334094
Cc1ccc(S(=O)(=O)Nc2ccc(F)cc2C)cc1F,0.94368,0.94368
CC(C)C(=O)N1Cc2ccc(N)cc2C1,0.7085031,0.7085031
Cc1ccc(F)cc1NS(=O)(=O)c1ccc(F)cc1,0.9405925,0.9405925
COc1cccc(CNS(=O)(=O)c2ccccc2OC)c1,0.8881962,0.8881962
Cc1cccc(C(=O)NC(C)c2ccn(C)c(=O)c2)c1,0.9290867,0.9290867
COc1cc(C#N)ccc1NS(=O)(=O)Cc1cccc(C)c1,0.9196213,0.9196213
Cc1c(C#N)cccc1C(=O)NCCc1cccc(Cl)c1,0.9390865,0.9390865
COc1cccc(CC(=O)Nc2cccc(OC)c2)c1,0.909244,0.909244
O=S(=O)(NCc1ccccc1F)c1cccc(F)c1Cl,0.9415763,0.9415763
Cc1ccc(NC(=O)COc2ccccc2Cl)c(F)c1,0.9308132,0.9308132
COc1ccc(S(=O)(=O)Nc2ccccc2C)c(OC)c1,0.9222562,0.9222562
Cc1ccncc1CNS(=O)(=O)c1ccccc1Cl,0.9429475,0.9429475
N#Cc1ccc(NS(=O)(=O)c2ccc(Br)cc2)cc1,0.9354701,0.9354701
COc1cc(F)cc(NS(=O)(=O)c2ccccc2)c1,0.9369452,0.9369452
N#Cc1ccccc1CNS(=O)(=O)c1ccncc1,0.9131128,0.9131128
CCc1ccc(CNS(=O)(=O)c2ccc(F)c(F)c2)c(F)c1,0.9158766,0.9158766
O=S(=O)(Nc1cc(F)ccc1F)c1ccccc1F,0.9431303,0.9431303
O=S(=O)(Nc1cccc(Cl)c1)c1ccc(Cl)cc1Cl,0.8999009,0.8999009
COc1ccc(C)cc1NC(=O)c1ccc(C)cc1N(C)C,0.9368614,0.9368614
O=S(=O)(NCc1cccnc1)c1cc(F)cc(Cl)c1,0.9427092,0.9427092
CCc1ccccc1C(Nc1cccc(C)c1)C1CC1,0.7907792,0.7907792
CC(NS(=O)(=O)c1ccc(Cl)cc1F)c1occc1F,0.9400246,0.9400246
CC(=O)Nc1ccc(C(=O)Nc2ccccc2)cc1,0.8843773,0.8843773
COc1ccc(CNC(=O)Cc2ccc(Cl)cc2)c(Cl)c1,0.906837,0.906837
Cc1ccccc1NC(=O)COc1ccc(S(C)(=O)=O)cc1,0.9183851,0.9183851
O=C(NC(=O)c1ccccc1Cl)c1ccccc1F,0.8577618,0.8577618
COc1cc(Cl)cc(NS(=O)(=O)c2cc(Cl)ccc2F)c1,0.9087355,0.9087355
O=S(=O)(Cc1ccc(Cl)cc1)Nc1cccc(F)c1,0.9400133,0.9400133
Cc1cc(F)ccc1CNS(=O)(=O)c1cccnc1,0.9316363,0.9316363
COc1cc(S(=O)(=O)NC2CCc3cccnc32)ccc1C,0.9394737,0.9394737
Cc1ccccc1S(=O)(=O)Nc1ccccc1F,0.9270598,0.9270598
Cc1cc(C)cc(S(=O)(=O)Nc2ccc(Cl)cc2)c1,0.9369671,0.9369671
CC(Nc1ccc(S(=O)(=O)N2CCC2)cc1)C(C)(C)C,0.9291165,0.9291165
N#Cc1cc(Cl)ccc1S(=O)(=O)Nc1cccc(Cl)c1,0.9349951,0.9349951
N#Cc1ccc(F)c(C(=O)NCCc2ccccc2Br)c1,0.9213399,0.9213399
O=S(Nc1ccc(Cl)cc1)c1cc(Cl)ccc1F,0.9012952,0.9012952
CCC1Cc2ccccc2CCN1C(=O)OCc1ccccc1,0.8500463,0.8500463
CCOc1ccccc1S(=O)(=O)Nc1cc(Cl)ccc1C,0.9080918,0.9080918
Cc1ncccc1CNS(=O)(=O)c1cccc(Cl)c1,0.9429475,0.9429475
Cc1ccc(S(=O)(=O)Nc2ccc(F)cn2)cc1,0.9271528,0.9271528
Cc1ccc(OCC(=O)Nc2c(C)cccc2F)cc1,0.9260573,0.9260573
Cc1ccc(S(=O)(=O)Nc2ccc(Cl)cc2)cc1F,0.9412034,0.9412034
CN(CC(=O)Nc1ccc(Cl)cc1)S(=O)(=O)c1cccc(Cl)c1,0.8750799,0.8750799
CCNC(=O)NC1CCCN(CC(F)(F)F)CC1,0.8175151,0.8175151
N#Cc1cc(C(=O)NCc2ccccc2Cl)ccn1,0.9328135,0.9328135
Cc1cccc(C(=O)Nc2cccc(Cl)c2F)c1,0.8704459,0.8704459
Cc1cccc(NS(=O)(=O)c2ccccc2C#N)c1,0.9334094,0.9334094
O=S(=O)(Nc1ccc(Cl)cc1Cl)c1cccc(Cl)c1,0.8999009,0.8999009
Cc1ccccc1CNS(=O)(=O)Nc1ccc(Cl)cc1,0.8912868,0.8912868
O=S(=O)(Nc1cccc(Cl)c1)c1cc(F)ccn1,0.9435442,0.9435442
O=C(Nc1cccc(F)c1)c1ccc(F)cc1,0.8473092,0.8473092
Cc1ccc(F)c(NC(=O)c2cccc(C#N)c2F)c1,0.9105061,0.9105061
Cc1ccccc1NS(=O)(=O)C1CN(C)CCCN1C(=O)c1ccccc1,0.875323,0.875323
Cc1cncc(CNS(=O)(=O)c2cnccc2F)c1,0.9192227,0.9192227
O=C1C=CCN1C(=O)CC1CC1,0.6039891,0.6039891
COc1c(C)cccc1NC(=O)CN(C)C(C)C,0.8713979,0.8713979
COc1cc(F)ccc1S(=O)(=O)Nc1ccccc1F,0.9441783,0.9441783
O=C(c1ccc(CNCc2ccccc2)cc1)N1CCCC1,0.9181009,0.9181009
O=S(=O)(NCc1ccccc1)c1ccccc1F,0.9216776,0.9216776
O=C(NCc1cccc(F)c1)Nc1cccc(Cl)c1,0.8808092,0.8808092
Cc1cccc(NS(=O)(=O)c2cccc(Cl)c2)c1,0.9365207,0.9365207
O=S(=O)(Nc1ccc(F)cc1)c1ccc(F)cc1,0.9308821,0.9308821
O=C(Nc1cccc(C(=O)N2CCC2)c1)c1ccccc1,0.939507,0.939507
COc1ccccc1C(=O)Nc1ccc(Cl)c(F)c1,0.9293404,0.9293404
Cc1cccc(S(=O)(=O)Nc2ccccc2Cl)c1,0.9365207,0.9365207
Cc1cccc(OCc2cccc(C(N)=O)c2)c1,0.8942605,0.8942605
Cc1ccccc1S(=O)(=O)NC(C)c1ccccn1,0.9326781,0.9326781
Cc1ccc(S(=O)(=O)NCc2cccc(F)c2)cc1F,0.9429308,0.9429308
Cc1cccc(NC(=O)COc2cccc(Cl)c2)c1,0.924562,0.924562
Cc1ccncc1NS(=O)(=O)c1ccccc1C#N,0.9274567,0.9274567
COc1cccc(NS(=O)(=O)c2cccc(CO)c2)c1,0.8836784,0.8836784
Cc1ccc(C)c(S(=O)(=O)Nc2ccccc2C)c1,0.932663,0.932663
Cc1cccc(F)c1S(=O)(=O)NCc1ccccc1,0.9347857,0.9347857
Cc1ccc(S(=O)(=O)NCc2ccc(Cl)cc2)cc1,0.9417722,0.9417722
Cc1ccc(Cl)cc1NS(=O)(=O)c1ccc(Cl)cc1,0.9263242,0.9263242
Cc1cc(F)cc(CNS(=O)(=O)c2cccc(C)c2)c1,0.9418194,0.9418194
Cc1cccc(CN[SH](C)(=O)c2ccccc2F)c1,0.8279953,0.8279953
COc1ccc(S(=O)(=O)Nc2ccc(F)cc2F)cc1F,0.9431452,0.9431452
Cc1ccc(S(=O)(=O)Nc2ccccc2)cc1,0.9061289,0.9061289
COc1ccc(F)cc1NS(=O)(=O)c1ccc(F)c(F)c1,0.9431452,0.9431452
N#Cc1ccc(S(=O)(=O)Nc2ccc(Cl)cc2)cc1,0.9450992,0.9450992
COc1cccc(S(=O)(=O)Nc2ccccc2F)c1,0.9369452,0.9369452
Cc1ccc(S(=O)(=O)Nc2cccc(F)c2)cc1C,0.9371312,0.9371312
O=S(=O)(Nc1cc(Cl)ccc1F)c1ccc(Cl)cc1,0.9311288,0.9311288
O=S(=O)(Nc1cccc(F)c1)c1cccc(F)c1,0.9308821,0.9308821
CCc1ccc(S(=O)(=O)Nc2cccc(C)c2)cc1,0.9296571,0.9296571
COc1cc(NS(=O)(=O)c2ccc(F)s2)ccc1C,0.9441803,0.9441803
COc1cc(Cl)cc(S(=O)(=O)Nc2cc(OC)ccc2C)c1,0.9040239,0.9040239
COc1cc(NC(=O)c2cccc(Br)c2)ccc1C,0.9275226,0.9275226
N#Cc1cccc(CNC(=O)C(F)c2ncco2)c1,0.9086174,0.9086174
Cc1ccc(S(=O)(=O)Nc2ccccc2C)c(F)c1,0.0,0.0
Cc1ccc(Cl)c(NS(=O)(=O)c2ccc(C#N)cc2)c1,0.9453045,0.9453045
Cc1ccc(Cl)cc1S(=O)(=O)Nc1ccccc1,0.9365207,0.9365207
O=S(=O)(Nc1cc(F)ccc1F)c1ccc(CF)cc1,0.9420736,0.9420736
